imageurl,moviename,tconst
http://image.tmdb.org/t/p/w1280/rhIRbceoE9lR4veEXuwCC2wARtG.jpg,Toy Story,114709
http://image.tmdb.org/t/p/w1280/5c0ovjT41KnYIHYuF4AWsTe3sKh.jpg,GoldenEye,113189
http://image.tmdb.org/t/p/w1280/6Sj9wDu3YugthXsU0Vry5XFAZGg.jpg,Twelve Monkeys,114746
http://image.tmdb.org/t/p/w1280/k42J5jYjvw1DEGBQP63VYYvteY7.jpg,Babe,112431
http://image.tmdb.org/t/p/w1280/8zw8IL4zEPjkh8Aysdcd0FwGMb0.jpg,Se7en,114369
http://image.tmdb.org/t/p/w1280/jgJoRWltoS17nD5MAQ1yK2Ztefw.jpg,The Usual Suspects,114814
http://image.tmdb.org/t/p/w1280/or1gBugydmjToAEq7OZY0owwFk.jpg,Braveheart,112573
http://image.tmdb.org/t/p/w1280/ekstpH614fwDX8DUln1a2Opz0N8.jpg,Taxi Driver,75314
http://image.tmdb.org/t/p/w1280/6JQ9z3V9x4vlU2GSZx2yNO0PvuX.jpg,Apollo 13,112384
http://image.tmdb.org/t/p/w1280/eTMrHEhlFPHNxpqGwpGGTdAa0xV.jpg,Batman Forever,112462
http://image.tmdb.org/t/p/w1280/ivpXGcsPZglyYrN65THWSD7JM3q.jpg,Die Hard: With a Vengeance,112864
http://image.tmdb.org/t/p/w1280/3PEAkZHa8ehfUkuKbzmQNRTTAAs.jpg,Dumb and Dumber,109686
http://image.tmdb.org/t/p/w1280/btTdmkgIvOi0FFip1sPuZI2oQG6.jpg,Star Wars,76759
http://image.tmdb.org/t/p/w1280/gE8S02QUOhVnAmYu4tcrBlMTujz.jpg,Léon: The Professional,110413
http://image.tmdb.org/t/p/w1280/d5iIlFn5s0ImszYzBPb8JPIfbXD.jpg,Pulp Fiction,110912
http://image.tmdb.org/t/p/w1280/39WsfbB5BshvdbPAYRFXdsjC481.jpg,Stargate,111282
http://image.tmdb.org/t/p/w1280/9O7gLzmreU0nGkIB6K3BsJbzvNv.jpg,The Shawshank Redemption,111161
http://image.tmdb.org/t/p/w1280/nZirljb8XYbKTWsRQTplDGhx39Q.jpg,Ace Ventura: Pet Detective,109040
http://image.tmdb.org/t/p/w1280/avRDucB3FLf1Xz5532hbOYd1giX.jpg,Clear and Present Danger,109444
http://image.tmdb.org/t/p/w1280/yE5d3BUhE8hCnkMUJOo1QDoOGNz.jpg,Forrest Gump,109830
http://image.tmdb.org/t/p/w1280/sKCr78MXSLixwmZ8DyJLrpMsd15.jpg,The Lion King,110357
http://image.tmdb.org/t/p/w1280/v8x8p441l1Bep8p82pAG6rduBoK.jpg,The Mask,110475
http://image.tmdb.org/t/p/w1280/u5ZqizbcZ0RZhVqmu8lSU4SARBT.jpg,Speed,111257
http://image.tmdb.org/t/p/w1280/mTAHr5h5i64hTLqo0cW2X2083Cx.jpg,True Lies,111503
http://image.tmdb.org/t/p/w1280/3gzLGFBoJM1xlNk0Ulzp0cJ6uPp.jpg,The Fugitive,106977
http://image.tmdb.org/t/p/w1280/c414cDeQ9b6qLPLeKmiJuLDUREJ.jpg,Jurassic Park,107290
http://image.tmdb.org/t/p/w1280/eSz8308woe6oLyDu7UkrLK5gZDi.jpg,Mrs. Doubtfire,107614
http://image.tmdb.org/t/p/w1280/yPisjyLweCl1tbgwgtzBCNCBle.jpg,Schindler's List,108052
http://image.tmdb.org/t/p/w1280/vfzE3pjE5G7G7kcZWrA3fnbZo7V.jpg,Blade Runner,83658
http://image.tmdb.org/t/p/w1280/8IWPBT1rkAaI8Kpk5V3WfQRklJ7.jpg,Home Alone,99785
http://image.tmdb.org/t/p/w1280/rtxy3cplRFPUvruZajpcoxOQ7bi.jpg,Ghost,99653
http://image.tmdb.org/t/p/w1280/mjKozYRuHc9j7SmiXmbVmCiAM0A.jpg,Aladdin,103639
http://image.tmdb.org/t/p/w1280/2y4dmgWYRMYXdD1UyJVcn2HSd1D.jpg,Terminator 2: Judgment Day,103064
http://image.tmdb.org/t/p/w1280/uzMI1WbliKbXbjvdiDKnwb2ndsG.jpg,Dances with Wolves,99348
http://image.tmdb.org/t/p/w1280/kBf3g9crrADGMc2AMAMlLBgSm2h.jpg,Batman,96895
http://image.tmdb.org/t/p/w1280/qjAyTj2BSth1EQ89vNfo0JYVPFN.jpg,The Silence of the Lambs,102926
http://image.tmdb.org/t/p/w1280/b9QJr2oblOu1grgOMUZF1xkUJdh.jpg,Beauty and the Beast,101414
http://image.tmdb.org/t/p/w1280/fgmdaCMxXClZm2ePteLzCPySB1n.jpg,Pretty Woman,100405
http://image.tmdb.org/t/p/w1280/pyEkyYgtyjOX1R9EYyUcgbK1sTn.jpg,Fargo,116282
http://image.tmdb.org/t/p/w1280/1PVKS17pIBFsIhgFws2uagPDNLW.jpg,Mission: Impossible,117060
http://image.tmdb.org/t/p/w1280/pAVaLJQBRM4JlZEGXvezwbxOd15.jpg,The Rock,117500
http://image.tmdb.org/t/p/w1280/tKdDCkmb6obEhWEMLgGUUz5nDNs.jpg,Twister,117998
http://image.tmdb.org/t/p/w1280/bqLlWZJdhrS0knfEJRkquW7L8z2.jpg,Independence Day,116629
http://image.tmdb.org/t/p/w1280/d4KNaTrltq6bpkFS01pYtyXa09m.jpg,The Godfather,68646
http://image.tmdb.org/t/p/w1280/fiXHtnQpQiGVkMtyYnEfQ6Gtfx8.jpg,Die Hard,95016
http://image.tmdb.org/t/p/w1280/b94qXd1FcIwgzv0NYMUe2bjrzJR.jpg,Willy Wonka & the Chocolate Factory,67992
http://image.tmdb.org/t/p/w1280/g7spS2Y4SZoQoC6Hn7zoqEqdYqR.jpg,Reservoir Dogs,105236
http://image.tmdb.org/t/p/w1280/8htLKK03TJjKZOXJgihZCu8v0P.jpg,E.T. the Extra-Terrestrial,83866
http://image.tmdb.org/t/p/w1280/8AVb7tyxZRsbKJNOTJHQZl7JYWO.jpg,Monty Python and the Holy Grail,71853
http://image.tmdb.org/t/p/w1280/2Sns5oMb356JNdBHgBETjIpRYy9.jpg,One Flew Over the Cuckoo's Nest,73486
http://image.tmdb.org/t/p/w1280/9SKDSFbaM6LuGqG1aPWN3wYGEyD.jpg,The Empire Strikes Back,80684
http://image.tmdb.org/t/p/w1280/gpxjoE0yvRwIhFEJgNArtKtaN7S.jpg,The Princess Bride,93779
http://image.tmdb.org/t/p/w1280/44sKJOGP3fTm4QXBcIuqu0RkdP7.jpg,Raiders of the Lost Ark,82971
http://image.tmdb.org/t/p/w1280/nORMXEkYEbzkU5WkMWMgRDJwjSZ.jpg,Aliens,90605
http://image.tmdb.org/t/p/w1280/4sHeTAp65WrSSuc05nRBKddhBxO.jpg,A Clockwork Orange,66921
http://image.tmdb.org/t/p/w1280/lrJWyjOVjPhghl4KyAMtOepAxs.jpg,Return of the Jedi,86190
http://image.tmdb.org/t/p/w1280/pwpGfTImTGifEGgLb3s6LRPd4I6.jpg,GoodFellas,99685
http://image.tmdb.org/t/p/w1280/2h00HrZs89SL3tXB4nbkiM7BKHs.jpg,Alien,78748
http://image.tmdb.org/t/p/w1280/bVq65huQ8vHDd1a4Z37QtuyEvpA.jpg,The Godfather: Part II,71562
http://image.tmdb.org/t/p/w1280/q8ffBuxQlYOHrvPniLgCbmKK4Lv.jpg,The Terminator,88247
http://image.tmdb.org/t/p/w1280/xazWoLealQwEgqZ89MLZklLZD3k.jpg,The Shining,81505
http://image.tmdb.org/t/p/w1280/vXjVd0Vu0MXRZnga7wEnHIIhO5B.jpg,Groundhog Day,107048
http://image.tmdb.org/t/p/w1280/pTpxQB1N0waaSc3OSn0e9oc8kx9.jpg,Back to the Future,88763
http://image.tmdb.org/t/p/w1280/4p1N2Qrt8j0H8xMHMHvtRxv9weZ.jpg,Indiana Jones and the Last Crusade,97576
http://image.tmdb.org/t/p/w1280/zaFa1NRZEnFgRTv5OVXkNIZO78O.jpg,The Fifth Element,119116
http://image.tmdb.org/t/p/w1280/t66nzsDMHLzzUe4rImT9qsgFk0B.jpg,Men in Black,119654
http://image.tmdb.org/t/p/w1280/rIXzJCAvyd3Ci8ipylDQ5wUKqwh.jpg,L.A. Confidential,119488
http://image.tmdb.org/t/p/w1280/EelZzudHRvJmjWccWscN1S5vmI.jpg,The Truman Show,120382
http://image.tmdb.org/t/p/w1280/jq8LjngZ7XZEQge5JFTdOGMrHyZ.jpg,Good Will Hunting,119217
http://image.tmdb.org/t/p/w1280/kHXEpyfl6zqn8a6YuozZUujufXf.jpg,Titanic,120338
http://image.tmdb.org/t/p/w1280/vllKYkA7eYi2UMM9yWQ1JegefBh.jpg,Rain Man,95953
http://image.tmdb.org/t/p/w1280/gc7IN6bWNaWXv4vI6cxSmeB7PeO.jpg,Saving Private Ryan,120815
http://image.tmdb.org/t/p/w1280/fXepRAYOx1qC3wju7XdDGx60775.jpg,American History X,120586
http://image.tmdb.org/t/p/w1280/hEpWvX6Bp79eLxY1kX5ZZJcme5U.jpg,The Matrix,133093
http://image.tmdb.org/t/p/w1280/n8V09dDc02KsSN6Q4hC2BX6hN8X.jpg,Star Wars: Episode I - The Phantom Menace,120915
http://image.tmdb.org/t/p/w1280/3FS3oBdorgczgfCkFi2u8ZTFfpS.jpg,Ghostbusters,87332
http://image.tmdb.org/t/p/w1280/imps263dHNe3SuoaAJORZyNTdDT.jpg,The Sixth Sense,167404
http://image.tmdb.org/t/p/w1280/3UBQGKS8c1dxRnDiu5kUK6ej3pP.jpg,American Beauty,169547
http://image.tmdb.org/t/p/w1280/4GpwvwDjgwiShr1UBJIn5fk1gwT.jpg,Fight Club,137523
http://image.tmdb.org/t/p/w1280/8zkJyC4xImfnYJREDQTfW09m8A5.jpg,Being John Malkovich,120601
http://image.tmdb.org/t/p/w1280/sOHqdY1RnSn6kcfAHKu28jvTebE.jpg,The Green Mile,120689
http://image.tmdb.org/t/p/w1280/6WBIzCgmDCYrqh64yDREGeDk9d3.jpg,Gladiator,172495
http://image.tmdb.org/t/p/w1280/k01Q6ATbfzNJgw4Zuoj0LTY3T9x.jpg,X-Men,120903
http://image.tmdb.org/t/p/w1280/fQMSaP88cf1nz4qwuNEEFtazuDM.jpg,Memento,209144
http://image.tmdb.org/t/p/w1280/140ewbWv8qHStD3mlBDvvGd0Zvu.jpg,Shrek,126029
http://image.tmdb.org/t/p/w1280/93Y9BGx8blzmZOPSoivkFfaifqU.jpg,"Monsters, Inc.",198781
http://image.tmdb.org/t/p/w1280/o0h76DVXvk5OKjmNez5YY0GODC2.jpg,Ocean's Eleven,240772
http://image.tmdb.org/t/p/w1280/f0uorE7K7ggHfr8r7pUTOHWkOlE.jpg,Amélie,211915
http://image.tmdb.org/t/p/w1280/6oom5QYQ2yQTMJIbnvbkBL9cHo6.jpg,The Lord of the Rings: The Fellowship of the Ring,120737
http://image.tmdb.org/t/p/w1280/4SFqHDZ1NvWdysucWbgnYlobdxC.jpg,A Beautiful Mind,268978
http://image.tmdb.org/t/p/w1280/rZd0y1X1Gw4t5B3f01Qzj8DYY66.jpg,Spider-Man,145487
http://image.tmdb.org/t/p/w1280/dS5AHLt4DhZpisxryIxKJU6Urxb.jpg,Minority Report,181689
http://image.tmdb.org/t/p/w1280/5VTN0pR8gcqV3EPUHHfMGnJYN9L.jpg,The Lord of the Rings: The Two Towers,167261
http://image.tmdb.org/t/p/w1280/syPWyeeqzTQIxjIUaIFI7d0TyEY.jpg,Finding Nemo,266543
http://image.tmdb.org/t/p/w1280/tkt9xR1kNX5R9rCebASKck44si2.jpg,Pirates of the Caribbean: The Curse of the Black Pearl,325980
http://image.tmdb.org/t/p/w1280/v7TaX8kXMXs5yFFGR41guUDNcnB.jpg,Kill Bill: Vol. 1,266697
http://image.tmdb.org/t/p/w1280/rCzpDGLbOoPwLjy3OAm5NUPOTrC.jpg,The Lord of the Rings: The Return of the King,167260
http://image.tmdb.org/t/p/w1280/7y3eYvTsGjxPYDtSnumCLIMDkrV.jpg,Eternal Sunshine of the Spotless Mind,338013
http://image.tmdb.org/t/p/w1280/qJ2tW6WMUDux911r6m7haRef0WH.jpg,The Dark Knight,468569
http://image.tmdb.org/t/p/w1280/qmDpIHrmpJINaRKAfWQfftjCdyi.jpg,Inception,1375666
